{
  "accuracy": 0.6901408450704225,
  "f1_weighted": 0.682811861414713,
  "classification_report": {
    "ACCOUNTANT": {
      "precision": 0.5714285714285714,
      "recall": 0.8333333333333334,
      "f1-score": 0.6779661016949152,
      "support": 24.0
    },
    "ADVOCATE": {
      "precision": 0.5384615384615384,
      "recall": 0.5833333333333334,
      "f1-score": 0.56,
      "support": 24.0
    },
    "AGRICULTURE": {
      "precision": 0.875,
      "recall": 0.5384615384615384,
      "f1-score": 0.6666666666666666,
      "support": 13.0
    },
    "APPAREL": {
      "precision": 0.6363636363636364,
      "recall": 0.3684210526315789,
      "f1-score": 0.4666666666666667,
      "support": 19.0
    },
    "ARTS": {
      "precision": 0.47058823529411764,
      "recall": 0.38095238095238093,
      "f1-score": 0.42105263157894735,
      "support": 21.0
    },
    "AUTOMOBILE": {
      "precision": 1.0,
      "recall": 0.42857142857142855,
      "f1-score": 0.6,
      "support": 7.0
    },
    "AVIATION": {
      "precision": 0.9,
      "recall": 0.782608695652174,
      "f1-score": 0.8372093023255814,
      "support": 23.0
    },
    "BANKING": {
      "precision": 0.8,
      "recall": 0.6956521739130435,
      "f1-score": 0.7441860465116279,
      "support": 23.0
    },
    "BPO": {
      "precision": 0.0,
      "recall": 0.0,
      "f1-score": 0.0,
      "support": 4.0
    },
    "BUSINESS-DEVELOPMENT": {
      "precision": 0.6666666666666666,
      "recall": 0.8333333333333334,
      "f1-score": 0.7407407407407407,
      "support": 24.0
    },
    "CHEF": {
      "precision": 0.8421052631578947,
      "recall": 0.6666666666666666,
      "f1-score": 0.7441860465116279,
      "support": 24.0
    },
    "CONSTRUCTION": {
      "precision": 0.8,
      "recall": 0.9090909090909091,
      "f1-score": 0.851063829787234,
      "support": 22.0
    },
    "CONSULTANT": {
      "precision": 0.6666666666666666,
      "recall": 0.34782608695652173,
      "f1-score": 0.45714285714285713,
      "support": 23.0
    },
    "DESIGNER": {
      "precision": 0.8571428571428571,
      "recall": 0.8571428571428571,
      "f1-score": 0.8571428571428571,
      "support": 21.0
    },
    "DIGITAL-MEDIA": {
      "precision": 0.7692307692307693,
      "recall": 0.5263157894736842,
      "f1-score": 0.625,
      "support": 19.0
    },
    "ENGINEERING": {
      "precision": 0.8260869565217391,
      "recall": 0.7916666666666666,
      "f1-score": 0.8085106382978723,
      "support": 24.0
    },
    "FINANCE": {
      "precision": 0.7894736842105263,
      "recall": 0.625,
      "f1-score": 0.6976744186046512,
      "support": 24.0
    },
    "FITNESS": {
      "precision": 0.782608695652174,
      "recall": 0.75,
      "f1-score": 0.7659574468085106,
      "support": 24.0
    },
    "HEALTHCARE": {
      "precision": 0.64,
      "recall": 0.6956521739130435,
      "f1-score": 0.6666666666666666,
      "support": 23.0
    },
    "HR": {
      "precision": 0.7692307692307693,
      "recall": 0.9090909090909091,
      "f1-score": 0.8333333333333334,
      "support": 22.0
    },
    "INFORMATION-TECHNOLOGY": {
      "precision": 0.7741935483870968,
      "recall": 1.0,
      "f1-score": 0.8727272727272727,
      "support": 24.0
    },
    "PUBLIC-RELATIONS": {
      "precision": 0.5483870967741935,
      "recall": 0.7727272727272727,
      "f1-score": 0.6415094339622641,
      "support": 22.0
    },
    "SALES": {
      "precision": 0.41935483870967744,
      "recall": 0.5652173913043478,
      "f1-score": 0.48148148148148145,
      "support": 23.0
    },
    "TEACHER": {
      "precision": 0.5925925925925926,
      "recall": 0.8,
      "f1-score": 0.6808510638297872,
      "support": 20.0
    },
    "accuracy": 0.6901408450704225,
    "macro avg": {
      "precision": 0.6889825994371451,
      "recall": 0.652544333050626,
      "f1-score": 0.6540723126033984,
      "support": 497.0
    },
    "weighted avg": {
      "precision": 0.7025878961021249,
      "recall": 0.6901408450704225,
      "f1-score": 0.682811861414713,
      "support": 497.0
    }
  },
  "classification_report_text": "                        precision    recall  f1-score   support\n\n            ACCOUNTANT       0.57      0.83      0.68        24\n              ADVOCATE       0.54      0.58      0.56        24\n           AGRICULTURE       0.88      0.54      0.67        13\n               APPAREL       0.64      0.37      0.47        19\n                  ARTS       0.47      0.38      0.42        21\n            AUTOMOBILE       1.00      0.43      0.60         7\n              AVIATION       0.90      0.78      0.84        23\n               BANKING       0.80      0.70      0.74        23\n                   BPO       0.00      0.00      0.00         4\n  BUSINESS-DEVELOPMENT       0.67      0.83      0.74        24\n                  CHEF       0.84      0.67      0.74        24\n          CONSTRUCTION       0.80      0.91      0.85        22\n            CONSULTANT       0.67      0.35      0.46        23\n              DESIGNER       0.86      0.86      0.86        21\n         DIGITAL-MEDIA       0.77      0.53      0.62        19\n           ENGINEERING       0.83      0.79      0.81        24\n               FINANCE       0.79      0.62      0.70        24\n               FITNESS       0.78      0.75      0.77        24\n            HEALTHCARE       0.64      0.70      0.67        23\n                    HR       0.77      0.91      0.83        22\nINFORMATION-TECHNOLOGY       0.77      1.00      0.87        24\n      PUBLIC-RELATIONS       0.55      0.77      0.64        22\n                 SALES       0.42      0.57      0.48        23\n               TEACHER       0.59      0.80      0.68        20\n\n              accuracy                           0.69       497\n             macro avg       0.69      0.65      0.65       497\n          weighted avg       0.70      0.69      0.68       497\n",